{
  "total_patients": 1529,
  "cvd_cases": 1309,
  "cvd_prevalence": 0.8561151079136691,
  "gender": {
    "male_prevalence": 0.8492063492063492,
    "female_prevalence": 0.8628719275549805
  },
  "age_groups": {
    "<30": 75.0,
    "30-40": 86.5,
    "40-50": 89.4,
    "50-60": 91.4,
    "60+": 70.1
  }
}